[
  {
    "jid": "Elissa Cadish",
    "ret": 89,
    "retobs": 248,
    "Average": 4.2,
    "a": 4.3,
    "b": 4.2,
    "c": 4,
    "d": 4.1,
    "e": 4.3,
    "f": 4.2,
    "g": 4.2,
    "h": 4.1,
    "i": 4.1,
    "j": 4.4,
    "k": "",
    "l": "",
    "m": ""
  },
  {
    "jid": "Mark Gibbons",
    "ret": 83,
    "retobs": 178,
    "Average": 3.8,
    "a": 3.8,
    "b": 3.7,
    "c": 3.6,
    "d": 3.5,
    "e": 3.8,
    "f": 3.9,
    "g": 3.9,
    "h": 3.8,
    "i": 3.7,
    "j": 4.1,
    "k": "",
    "l": "",
    "m": ""
  },
  {
    "jid": "James Hardesty",
    "ret": 66,
    "retobs": 193,
    "Average": 3.6,
    "a": 3.9,
    "b": 3.4,
    "c": 3.3,
    "d": 3.5,
    "e": 3.6,
    "f": 3.6,
    "g": 3.7,
    "h": 3.6,
    "i": 3.4,
    "j": 3.7,
    "k": "",
    "l": "",
    "m": ""
  },
  {
    "jid": "Ron Parraguirre",
    "ret": 77,
    "retobs": 152,
    "Average": 3.5,
    "a": 3.4,
    "b": 3.4,
    "c": 3.4,
    "d": 3.4,
    "e": 3.6,
    "f": 3.6,
    "g": 3.6,
    "h": 3.5,
    "i": 3.5,
    "j": 3.8,
    "k": "",
    "l": "",
    "m": ""
  },
  {
    "jid": "Kristina Pickering",
    "ret": 75,
    "retobs": 218,
    "Average": 3.8,
    "a": 4.1,
    "b": 3.8,
    "c": 3.7,
    "d": 3.8,
    "e": 3.8,
    "f": 3.8,
    "g": 3.9,
    "h": 3.7,
    "i": 3.7,
    "j": 3.9,
    "k": "",
    "l": "",
    "m": ""
  },
  {
    "jid": "Abbi Silver",
    "ret": 65,
    "retobs": 226,
    "Average": 3.5,
    "a": 3.7,
    "b": 3.5,
    "c": 3.4,
    "d": 3.4,
    "e": 3.5,
    "f": 3.7,
    "g": 3.7,
    "h": 3.6,
    "i": 3.3,
    "j": 3.4,
    "k": "",
    "l": "",
    "m": ""
  },
  {
    "jid": "Lidia Stiglich",
    "ret": 80,
    "retobs": 181,
    "Average": 3.7,
    "a": 3.8,
    "b": 3.5,
    "c": 3.4,
    "d": 3.5,
    "e": 3.8,
    "f": 3.7,
    "g": 3.8,
    "h": 3.6,
    "i": 3.7,
    "j": 4,
    "k": "",
    "l": "",
    "m": ""
  },
  {
    "jid": "Jerry Tao",
    "ret": 62,
    "retobs": 177,
    "Average": 3.6,
    "a": 3.8,
    "b": 3.5,
    "c": 3.5,
    "d": 3.5,
    "e": 3.6,
    "f": 3.7,
    "g": 3.6,
    "h": 3.6,
    "i": 3.5,
    "j": 3.8,
    "k": "",
    "l": "",
    "m": ""
  },
  {
    "jid": "Michael Gibbons",
    "ret": 80,
    "retobs": 74,
    "Average": 3.5,
    "a": 3.4,
    "b": 3.5,
    "c": 3.5,
    "d": 3.5,
    "e": 3.7,
    "f": 3.5,
    "g": 3.6,
    "h": 3.4,
    "i": 3.6,
    "j": 3.8,
    "k": "",
    "l": "",
    "m": ""
  },
  {
    "jid": "Bonnie Bulla",
    "ret": 62,
    "retobs": 130,
    "Average": 3.6,
    "a": 4,
    "b": 3.6,
    "c": 3.4,
    "d": 3.6,
    "e": 3.7,
    "f": 3.7,
    "g": 3.7,
    "h": 3.7,
    "i": 3.4,
    "j": 3.4,
    "k": "",
    "l": "",
    "m": ""
  },
  {
    "jid": "Valerie Adair",
    "ret": 81,
    "retobs": 161,
    "Average": 3.9,
    "a": 4.1,
    "b": 3.8,
    "c": 3.8,
    "d": 3.7,
    "e": 4.1,
    "f": 4.2,
    "g": 4.1,
    "h": 3.9,
    "i": 3.7,
    "j": 3.9,
    "k": 4.1,
    "l": 4,
    "m": 3.9
  },
  {
    "jid": "Nancy Allf",
    "ret": 85,
    "retobs": 206,
    "Average": 4.2,
    "a": 4.2,
    "b": 4,
    "c": 3.8,
    "d": 4,
    "e": 4.2,
    "f": 4.3,
    "g": 4.3,
    "h": 4.1,
    "i": 4,
    "j": 4.5,
    "k": 4.4,
    "l": 4.3,
    "m": 4.2
  },
  {
    "jid": "Rob Bare",
    "ret": 67,
    "retobs": 261,
    "Average": 3.8,
    "a": 3.9,
    "b": 3.7,
    "c": 3.4,
    "d": 3.6,
    "e": 4,
    "f": 3.9,
    "g": 3.8,
    "h": 3.8,
    "i": 3.7,
    "j": 4.3,
    "k": 4.2,
    "l": 3.8,
    "m": 3.9
  },
  {
    "jid": "Linda Bell",
    "ret": 76,
    "retobs": 206,
    "Average": 3.9,
    "a": 4,
    "b": 3.7,
    "c": 3.7,
    "d": 3.8,
    "e": 4,
    "f": 4.1,
    "g": 4.1,
    "h": 4,
    "i": 3.9,
    "j": 4,
    "k": 4.1,
    "l": 3.9,
    "m": 3.9
  },
  {
    "jid": "Kenneth Cory",
    "ret": 74,
    "retobs": 187,
    "Average": 4,
    "a": 4,
    "b": 3.8,
    "c": 3.7,
    "d": 3.8,
    "e": 4.2,
    "f": 4.1,
    "g": 4.1,
    "h": 3.9,
    "i": 4.1,
    "j": 4.4,
    "k": 4.2,
    "l": 3.9,
    "m": 4.1
  },
  {
    "jid": "Jim Crockett",
    "ret": 67,
    "retobs": 226,
    "Average": 3.8,
    "a": 4.1,
    "b": 3.7,
    "c": 3.5,
    "d": 3.7,
    "e": 3.8,
    "f": 3.8,
    "g": 3.8,
    "h": 3.7,
    "i": 3.6,
    "j": 3.8,
    "k": 4.1,
    "l": 3.6,
    "m": 3.8
  },
  {
    "jid": "Kathleen Delaney",
    "ret": 73,
    "retobs": 233,
    "Average": 4,
    "a": 4.1,
    "b": 3.9,
    "c": 3.6,
    "d": 3.8,
    "e": 4.2,
    "f": 4.3,
    "g": 4.1,
    "h": 4.1,
    "i": 4,
    "j": 4.3,
    "k": 4.3,
    "l": 3.4,
    "m": 4
  },
  {
    "jid": "Mark Denton",
    "ret": 87,
    "retobs": 193,
    "Average": 4.2,
    "a": 4.1,
    "b": 4,
    "c": 3.9,
    "d": 3.9,
    "e": 4.4,
    "f": 4.3,
    "g": 4.3,
    "h": 4.2,
    "i": 4,
    "j": 4.5,
    "k": 4.3,
    "l": 4.1,
    "m": 4.2
  },
  {
    "jid": "Kerry Earley",
    "ret": 76,
    "retobs": 157,
    "Average": 3.8,
    "a": 3.8,
    "b": 3.7,
    "c": 3.5,
    "d": 3.6,
    "e": 3.9,
    "f": 3.9,
    "g": 3.9,
    "h": 3.9,
    "i": 3.8,
    "j": 4,
    "k": 4,
    "l": 3.6,
    "m": 3.8
  },
  {
    "jid": "Carolyn Ellsworth",
    "ret": 44,
    "retobs": 171,
    "Average": 3.1,
    "a": 3.6,
    "b": 2.9,
    "c": 2.9,
    "d": 3.1,
    "e": 3.1,
    "f": 3.2,
    "g": 3.3,
    "h": 3.2,
    "i": 2.9,
    "j": 2.8,
    "k": 3.5,
    "l": 2.9,
    "m": 3.2
  },
  {
    "jid": "Adriana Escobar",
    "ret": 62,
    "retobs": 164,
    "Average": 3.7,
    "a": 3.5,
    "b": 3.5,
    "c": 3.3,
    "d": 3.3,
    "e": 4,
    "f": 3.9,
    "g": 3.8,
    "h": 3.8,
    "i": 3.8,
    "j": 4.2,
    "k": 3.9,
    "l": 3.4,
    "m": 3.8
  },
  {
    "jid": "Elizabeth Gonzalez",
    "ret": 73,
    "retobs": 271,
    "Average": 4,
    "a": 4.4,
    "b": 3.9,
    "c": 3.8,
    "d": 4,
    "e": 4,
    "f": 4.1,
    "g": 4.1,
    "h": 4,
    "i": 3.6,
    "j": 3.7,
    "k": 4.2,
    "l": 4.2,
    "m": 3.9
  },
  {
    "jid": "Joe Hardy Jr",
    "ret": 77,
    "retobs": 223,
    "Average": 3.9,
    "a": 4,
    "b": 3.9,
    "c": 3.6,
    "d": 3.7,
    "e": 4,
    "f": 4,
    "g": 4,
    "h": 3.9,
    "i": 3.8,
    "j": 4.2,
    "k": 4.2,
    "l": 3.8,
    "m": 3.9
  },
  {
    "jid": "Douglas Herndon",
    "ret": 85,
    "retobs": 194,
    "Average": 4.3,
    "a": 4.4,
    "b": 4.3,
    "c": 4.2,
    "d": 4.3,
    "e": 4.2,
    "f": 4.2,
    "g": 4.2,
    "h": 4.1,
    "i": 4.1,
    "j": 4.2,
    "k": 4.5,
    "l": 4.4,
    "m": 4.3
  },
  {
    "jid": "Ron Israel",
    "ret": 46,
    "retobs": 245,
    "Average": 3.2,
    "a": 3.1,
    "b": 2.9,
    "c": 2.8,
    "d": 2.9,
    "e": 3.4,
    "f": 3.6,
    "g": 3.6,
    "h": 3.5,
    "i": 3.2,
    "j": 3.1,
    "k": 3.2,
    "l": 3.3,
    "m": 3.3
  },
  {
    "jid": "Eric Johnson",
    "ret": 64,
    "retobs": 166,
    "Average": 3.6,
    "a": 3.8,
    "b": 3.5,
    "c": 3.3,
    "d": 3.5,
    "e": 3.8,
    "f": 3.8,
    "g": 3.6,
    "h": 3.7,
    "i": 3.5,
    "j": 3.6,
    "k": 3.9,
    "l": 3.2,
    "m": 3.7
  },
  {
    "jid": "Susan Johnson",
    "ret": 68,
    "retobs": 244,
    "Average": 3.7,
    "a": 3.9,
    "b": 3.7,
    "c": 3.5,
    "d": 3.7,
    "e": 3.8,
    "f": 3.7,
    "g": 3.7,
    "h": 3.6,
    "i": 3.6,
    "j": 3.7,
    "k": 4,
    "l": 3.8,
    "m": 3.8
  },
  {
    "jid": "Tierra Jones",
    "ret": 80,
    "retobs": 190,
    "Average": 4,
    "a": 4.1,
    "b": 3.9,
    "c": 3.8,
    "d": 3.9,
    "e": 4.1,
    "f": 4.1,
    "g": 4.1,
    "h": 3.9,
    "i": 3.8,
    "j": 4.1,
    "k": 4.3,
    "l": 4.3,
    "m": 4.1
  },
  {
    "jid": "David Jones",
    "ret": 85,
    "retobs": 142,
    "Average": 4,
    "a": 4.1,
    "b": 3.9,
    "c": 3.8,
    "d": 3.9,
    "e": 4.2,
    "f": 3.8,
    "g": 3.8,
    "h": 3.8,
    "i": 3.9,
    "j": 4,
    "k": 4.2,
    "l": 4.3,
    "m": 4.1
  },
  {
    "jid": "Mary Kay Holthus",
    "ret": 59,
    "retobs": 111,
    "Average": 3.5,
    "a": 3.3,
    "b": 3.3,
    "c": 3.2,
    "d": 3.3,
    "e": 3.6,
    "f": 3.6,
    "g": 3.8,
    "h": 3.8,
    "i": 3.5,
    "j": 3.7,
    "k": 3.6,
    "l": 3.6,
    "m": 3.6
  },
  {
    "jid": "William Kephart",
    "ret": 55,
    "retobs": 197,
    "Average": 3.4,
    "a": 3.5,
    "b": 3.2,
    "c": 3.1,
    "d": 3.2,
    "e": 3.4,
    "f": 3.4,
    "g": 3.5,
    "h": 3.4,
    "i": 3.2,
    "j": 3.3,
    "k": 3.7,
    "l": 3.6,
    "m": 3.4
  },
  {
    "jid": "Joanna Kishner",
    "ret": 61,
    "retobs": 212,
    "Average": 3.6,
    "a": 3.9,
    "b": 3.6,
    "c": 3.4,
    "d": 3.5,
    "e": 3.8,
    "f": 3.7,
    "g": 3.7,
    "h": 3.6,
    "i": 3.4,
    "j": 3.3,
    "k": 4,
    "l": 3.4,
    "m": 3.5
  },
  {
    "jid": "Michelle Leavitt",
    "ret": 63,
    "retobs": 199,
    "Average": 3.5,
    "a": 3.6,
    "b": 3.4,
    "c": 3.3,
    "d": 3.4,
    "e": 3.5,
    "f": 3.7,
    "g": 3.7,
    "h": 3.6,
    "i": 3.3,
    "j": 3.5,
    "k": 3.5,
    "l": 3.7,
    "m": 3.5
  },
  {
    "jid": "Stefany Miley",
    "ret": 65,
    "retobs": 198,
    "Average": 3.7,
    "a": 3.5,
    "b": 3.5,
    "c": 3.3,
    "d": 3.5,
    "e": 3.7,
    "f": 3.8,
    "g": 3.9,
    "h": 3.8,
    "i": 3.5,
    "j": 3.9,
    "k": 3.8,
    "l": 3.7,
    "m": 3.7
  },
  {
    "jid": "Richard Scotti",
    "ret": 52,
    "retobs": 230,
    "Average": 3.4,
    "a": 3.4,
    "b": 3.3,
    "c": 3,
    "d": 3.1,
    "e": 3.5,
    "f": 3.5,
    "g": 3.6,
    "h": 3.5,
    "i": 3.4,
    "j": 3.5,
    "k": 3.7,
    "l": 3.5,
    "m": 3.2
  },
  {
    "jid": "Gloria Sturman",
    "ret": 68,
    "retobs": 192,
    "Average": 3.8,
    "a": 3.8,
    "b": 3.6,
    "c": 3.5,
    "d": 3.6,
    "e": 4.1,
    "f": 3.9,
    "g": 3.9,
    "h": 3.8,
    "i": 3.7,
    "j": 4,
    "k": 4,
    "l": 3.7,
    "m": 3.8
  },
  {
    "jid": "Michael Villani",
    "ret": 71,
    "retobs": 189,
    "Average": 3.8,
    "a": 3.8,
    "b": 3.6,
    "c": 3.4,
    "d": 3.5,
    "e": 3.9,
    "f": 3.8,
    "g": 3.9,
    "h": 3.7,
    "i": 3.7,
    "j": 3.9,
    "k": 4,
    "l": 3.9,
    "m": 3.8
  },
  {
    "jid": "Jerry Wiese",
    "ret": 87,
    "retobs": 255,
    "Average": 4.2,
    "a": 4.3,
    "b": 4.1,
    "c": 4,
    "d": 4.1,
    "e": 4.3,
    "f": 4.3,
    "g": 4.2,
    "h": 4,
    "i": 4,
    "j": 4.5,
    "k": 4.4,
    "l": 4.4,
    "m": 4.2
  },
  {
    "jid": "Timothy Williams",
    "ret": 90,
    "retobs": 231,
    "Average": 4.3,
    "a": 4.4,
    "b": 4.3,
    "c": 4.1,
    "d": 4.3,
    "e": 4.3,
    "f": 4.4,
    "g": 4.3,
    "h": 4.2,
    "i": 3.9,
    "j": 4.6,
    "k": 4.6,
    "l": 4.4,
    "m": 4.5
  },
  {
    "jid": "Lisa Brown",
    "ret": 47,
    "retobs": 73,
    "Average": 3.2,
    "a": 3.1,
    "b": 3,
    "c": 2.9,
    "d": 3.1,
    "e": 3.5,
    "f": 3.6,
    "g": 3.4,
    "h": 3.3,
    "i": 3.2,
    "j": 3.6,
    "k": 3.3,
    "l": 3,
    "m": 3.2
  },
  {
    "jid": "Rebecca Burton",
    "ret": 79,
    "retobs": 82,
    "Average": 4.1,
    "a": 4.4,
    "b": 4.1,
    "c": 3.8,
    "d": 4.1,
    "e": 4.1,
    "f": 4,
    "g": 3.9,
    "h": 3.8,
    "i": 3.9,
    "j": 4.4,
    "k": 4.6,
    "l": 3.8,
    "m": 4.1
  },
  {
    "jid": "Bryce Duckworth",
    "ret": 92,
    "retobs": 90,
    "Average": 4.5,
    "a": 4.6,
    "b": 4.5,
    "c": 4.4,
    "d": 4.5,
    "e": 4.6,
    "f": 4.3,
    "g": 4.3,
    "h": 4.1,
    "i": 4.4,
    "j": 4.7,
    "k": 4.7,
    "l": 4.5,
    "m": 4.6
  },
  {
    "jid": "Denise Gentile",
    "ret": 76,
    "retobs": 74,
    "Average": 3.8,
    "a": 3.8,
    "b": 3.5,
    "c": 3.7,
    "d": 3.6,
    "e": 3.9,
    "f": 3.9,
    "g": 3.7,
    "h": 3.6,
    "i": 3.7,
    "j": 4,
    "k": 4.1,
    "l": 3.7,
    "m": 3.9
  },
  {
    "jid": "David Gibson",
    "ret": 88,
    "retobs": 73,
    "Average": 4.1,
    "a": 4.2,
    "b": 4,
    "c": 4.1,
    "d": 4.1,
    "e": 4.2,
    "f": 4,
    "g": 4,
    "h": 3.7,
    "i": 3.9,
    "j": 4.2,
    "k": 4.4,
    "l": 4.2,
    "m": 4
  },
  {
    "jid": "Cynthia Giuliani",
    "ret": 84,
    "retobs": 67,
    "Average": 4,
    "a": 4,
    "b": 3.9,
    "c": 3.7,
    "d": 3.7,
    "e": 4.2,
    "f": 4.2,
    "g": 4.3,
    "h": 4,
    "i": 3.8,
    "j": 4.4,
    "k": 4.3,
    "l": 3.7,
    "m": 4
  },
  {
    "jid": "Mathew Harter",
    "ret": 48,
    "retobs": 94,
    "Average": 3.3,
    "a": 3.5,
    "b": 3.1,
    "c": 3,
    "d": 3.3,
    "e": 3.3,
    "f": 3.3,
    "g": 2.9,
    "h": 3.1,
    "i": 3.1,
    "j": 3.2,
    "k": 3.5,
    "l": 3.6,
    "m": 3.5
  },
  {
    "jid": "Bill Henderson",
    "ret": 73,
    "retobs": 86,
    "Average": 3.7,
    "a": 3.7,
    "b": 3.6,
    "c": 3.5,
    "d": 3.5,
    "e": 4,
    "f": 3.6,
    "g": 3.5,
    "h": 3.5,
    "i": 3.5,
    "j": 4.1,
    "k": 3.9,
    "l": 3.6,
    "m": 3.8
  },
  {
    "jid": "Charles Hoskin",
    "ret": 75,
    "retobs": 92,
    "Average": 3.9,
    "a": 4.1,
    "b": 3.7,
    "c": 3.8,
    "d": 3.9,
    "e": 3.9,
    "f": 3.9,
    "g": 3.7,
    "h": 3.6,
    "i": 3.7,
    "j": 4,
    "k": 4.1,
    "l": 4.2,
    "m": 4.1
  },
  {
    "jid": "Rena Hughes",
    "ret": 42,
    "retobs": 84,
    "Average": 3.1,
    "a": 3.3,
    "b": 3.1,
    "c": 2.9,
    "d": 3.1,
    "e": 3.1,
    "f": 3.1,
    "g": 3,
    "h": 2.8,
    "i": 3,
    "j": 2.9,
    "k": 3.4,
    "l": 3.3,
    "m": 3.2
  },
  {
    "jid": "Linda Marquis",
    "ret": 78,
    "retobs": 100,
    "Average": 4,
    "a": 4.2,
    "b": 4,
    "c": 3.9,
    "d": 4,
    "e": 4,
    "f": 4,
    "g": 3.9,
    "h": 3.7,
    "i": 4,
    "j": 4,
    "k": 4.3,
    "l": 4.2,
    "m": 4
  },
  {
    "jid": "Cheryl Moss",
    "ret": 42,
    "retobs": 84,
    "Average": 3.2,
    "a": 2.9,
    "b": 3,
    "c": 2.8,
    "d": 2.8,
    "e": 3.5,
    "f": 3.6,
    "g": 3.4,
    "h": 3.5,
    "i": 3.1,
    "j": 3.6,
    "k": 3.5,
    "l": 2.5,
    "m": 3.2
  },
  {
    "jid": "Vincent Ochoa",
    "ret": 52,
    "retobs": 92,
    "Average": 3.3,
    "a": 2.9,
    "b": 2.9,
    "c": 2.9,
    "d": 3.1,
    "e": 3.4,
    "f": 3.5,
    "g": 3.4,
    "h": 3.3,
    "i": 3.3,
    "j": 3.7,
    "k": 3.2,
    "l": 3.3,
    "m": 3.5
  },
  {
    "jid": "Sandra Pomrenze",
    "ret": 28,
    "retobs": 97,
    "Average": 2.8,
    "a": 3,
    "b": 2.6,
    "c": 2.8,
    "d": 2.8,
    "e": 2.9,
    "f": 3,
    "g": 2.9,
    "h": 3,
    "i": 2.6,
    "j": 2.4,
    "k": 3.2,
    "l": 3.1,
    "m": 2.8
  },
  {
    "jid": "William Potter",
    "ret": 44,
    "retobs": 91,
    "Average": 3.1,
    "a": 3.5,
    "b": 3.2,
    "c": 3.1,
    "d": 3.1,
    "e": 3.1,
    "f": 3.4,
    "g": 3.1,
    "h": 3.1,
    "i": 2.9,
    "j": 2.4,
    "k": 3.4,
    "l": 3.6,
    "m": 2.9
  },
  {
    "jid": "Arthur Ritchie Jr",
    "ret": 77,
    "retobs": 98,
    "Average": 4.1,
    "a": 4.2,
    "b": 4,
    "c": 4,
    "d": 4.1,
    "e": 4.2,
    "f": 4.1,
    "g": 3.9,
    "h": 3.8,
    "i": 4,
    "j": 4,
    "k": 4.2,
    "l": 4.2,
    "m": 4
  },
  {
    "jid": "Frank Sullivan",
    "ret": 87,
    "retobs": 62,
    "Average": 4.3,
    "a": 4.3,
    "b": 4.3,
    "c": 4.2,
    "d": 4.3,
    "e": 4.4,
    "f": 4.4,
    "g": 4.3,
    "h": 4.4,
    "i": 4.2,
    "j": 4.3,
    "k": 4.4,
    "l": 4.2,
    "m": 4.3
  },
  {
    "jid": "Robert Teuton",
    "ret": 79,
    "retobs": 58,
    "Average": 4,
    "a": 3.8,
    "b": 3.7,
    "c": 3.7,
    "d": 3.8,
    "e": 4.1,
    "f": 4.1,
    "g": 4.2,
    "h": 4.1,
    "i": 3.9,
    "j": 4.2,
    "k": 4.2,
    "l": 3.7,
    "m": 4
  },
  {
    "jid": "William Voy",
    "ret": 80,
    "retobs": 56,
    "Average": 3.7,
    "a": 3.5,
    "b": 3.7,
    "c": 3.5,
    "d": 3.5,
    "e": 3.8,
    "f": 3.8,
    "g": 3.8,
    "h": 3.9,
    "i": 3.7,
    "j": 3.8,
    "k": 3.8,
    "l": 3,
    "m": 3.8
  },
  {
    "jid": "Sam Bateman",
    "ret": 93,
    "retobs": 67,
    "Average": 4.4,
    "a": 4.4,
    "b": 4.3,
    "c": 4.2,
    "d": 4.3,
    "e": 4.5,
    "f": 4.6,
    "g": 4.6,
    "h": 4.5,
    "i": 4.4,
    "j": 4.6,
    "k": 4.5,
    "l": 4.4,
    "m": 4.4
  },
  {
    "jid": "Stephen George",
    "ret": 92,
    "retobs": 62,
    "Average": 4.5,
    "a": 4.5,
    "b": 4.4,
    "c": 4.3,
    "d": 4.5,
    "e": 4.5,
    "f": 4.5,
    "g": 4.4,
    "h": 4.4,
    "i": 4.5,
    "j": 4.7,
    "k": 4.8,
    "l": 4.6,
    "m": 4.7
  },
  {
    "jid": "David Gibson Sr",
    "ret": 77,
    "retobs": 47,
    "Average": 3.9,
    "a": 3.9,
    "b": 3.7,
    "c": 3.7,
    "d": 3.7,
    "e": 4,
    "f": 4,
    "g": 4,
    "h": 3.8,
    "i": 3.9,
    "j": 4.2,
    "k": 4.2,
    "l": 4.1,
    "m": 4.1
  },
  {
    "jid": "Melanie Andress-Tobiasson",
    "ret": 74,
    "retobs": 106,
    "Average": 3.8,
    "a": 4,
    "b": 3.8,
    "c": 3.7,
    "d": 3.7,
    "e": 3.7,
    "f": 4,
    "g": 4,
    "h": 3.9,
    "i": 3.7,
    "j": 3.7,
    "k": 3.9,
    "l": 3.6,
    "m": 3.6
  },
  {
    "jid": "Suzan Baucum",
    "ret": 54,
    "retobs": 72,
    "Average": 3.6,
    "a": 3.5,
    "b": 3.3,
    "c": 3.3,
    "d": 3.4,
    "e": 3.5,
    "f": 3.7,
    "g": 3.8,
    "h": 3.7,
    "i": 3.3,
    "j": 3.7,
    "k": 3.7,
    "l": 3.9,
    "m": 3.8
  },
  {
    "jid": "Karen Bennett-Heron",
    "ret": 51,
    "retobs": 122,
    "Average": 3.2,
    "a": 3.3,
    "b": 3,
    "c": 3,
    "d": 3.1,
    "e": 3,
    "f": 2.9,
    "g": 3.6,
    "h": 3.5,
    "i": 3,
    "j": 2.9,
    "k": 3.4,
    "l": 3.3,
    "m": 3.3
  },
  {
    "jid": "Joe Bonaventure",
    "ret": 68,
    "retobs": 72,
    "Average": 3.8,
    "a": 3.9,
    "b": 3.6,
    "c": 3.6,
    "d": 3.5,
    "e": 3.7,
    "f": 4,
    "g": 3.9,
    "h": 3.9,
    "i": 3.7,
    "j": 3.6,
    "k": 3.8,
    "l": 3.9,
    "m": 3.9
  },
  {
    "jid": "Amy Chelini",
    "ret": 92,
    "retobs": 79,
    "Average": 4.4,
    "a": 4.5,
    "b": 4.3,
    "c": 4.2,
    "d": 4.4,
    "e": 4.4,
    "f": 4.6,
    "g": 4.4,
    "h": 4.3,
    "i": 4.4,
    "j": 4.5,
    "k": 4.6,
    "l": 4.6,
    "m": 4.5
  },
  {
    "jid": "Cynthia Cruz",
    "ret": 48,
    "retobs": 66,
    "Average": 3.4,
    "a": 3.5,
    "b": 3.1,
    "c": 3.1,
    "d": 3.1,
    "e": 3.4,
    "f": 3.6,
    "g": 3.6,
    "h": 3.5,
    "i": 3.2,
    "j": 3.3,
    "k": 3.5,
    "l": 3.6,
    "m": 3.6
  },
  {
    "jid": "Melissa De La Garza",
    "ret": 86,
    "retobs": 59,
    "Average": 4.4,
    "a": 4.4,
    "b": 4.3,
    "c": 4.1,
    "d": 4.2,
    "e": 4.4,
    "f": 4.4,
    "g": 4.4,
    "h": 4.4,
    "i": 4.3,
    "j": 4.4,
    "k": 4.5,
    "l": 4.5,
    "m": 4.4
  },
  {
    "jid": "Eric Goodman",
    "ret": 80,
    "retobs": 70,
    "Average": 4.1,
    "a": 4.2,
    "b": 4,
    "c": 3.9,
    "d": 4,
    "e": 4,
    "f": 4.2,
    "g": 4.2,
    "h": 4.1,
    "i": 4,
    "j": 3.9,
    "k": 4.3,
    "l": 4.3,
    "m": 4.1
  },
  {
    "jid": "Elana Graham",
    "ret": 75,
    "retobs": 73,
    "Average": 4.1,
    "a": 4.1,
    "b": 3.9,
    "c": 3.9,
    "d": 3.9,
    "e": 4.1,
    "f": 4.4,
    "g": 4.4,
    "h": 4.4,
    "i": 4,
    "j": 4.2,
    "k": 4.2,
    "l": 4.1,
    "m": 4.2
  },
  {
    "jid": "Rebecca Kern",
    "ret": 47,
    "retobs": 47,
    "Average": 3.1,
    "a": 2.8,
    "b": 2.6,
    "c": 2.7,
    "d": 2.4,
    "e": 3.4,
    "f": 3.4,
    "g": 3.3,
    "h": 3.3,
    "i": 3.2,
    "j": 3.5,
    "k": 3.3,
    "l": 2.8,
    "m": 3.2
  },
  {
    "jid": "Harmony Letizia",
    "ret": 79,
    "retobs": 78,
    "Average": 4.1,
    "a": 4.2,
    "b": 4,
    "c": 3.9,
    "d": 4,
    "e": 4.2,
    "f": 4.2,
    "g": 4.3,
    "h": 4.1,
    "i": 4.1,
    "j": 4.3,
    "k": 4.2,
    "l": 4,
    "m": 4.2
  },
  {
    "jid": "Melissa Saragosa",
    "ret": 77,
    "retobs": 82,
    "Average": 4,
    "a": 4.1,
    "b": 3.8,
    "c": 3.8,
    "d": 3.8,
    "e": 4.1,
    "f": 4,
    "g": 3.9,
    "h": 4,
    "i": 3.9,
    "j": 4.1,
    "k": 4.3,
    "l": 4.2,
    "m": 4.2
  },
  {
    "jid": "Joseph Sciscento",
    "ret": 86,
    "retobs": 96,
    "Average": 4.2,
    "a": 4.3,
    "b": 4.1,
    "c": 4.1,
    "d": 4.1,
    "e": 4.2,
    "f": 4.4,
    "g": 4.4,
    "h": 4.1,
    "i": 4.1,
    "j": 4.3,
    "k": 4.3,
    "l": 4.3,
    "m": 4.3
  },
  {
    "jid": "Diana Sullivan",
    "ret": 69,
    "retobs": 86,
    "Average": 3.8,
    "a": 3.9,
    "b": 3.6,
    "c": 3.4,
    "d": 3.6,
    "e": 3.7,
    "f": 4.1,
    "g": 4,
    "h": 3.8,
    "i": 3.8,
    "j": 3.7,
    "k": 4,
    "l": 3.9,
    "m": 3.8
  },
  {
    "jid": "Ann Zimmerman",
    "ret": 74,
    "retobs": 74,
    "Average": 4,
    "a": 4,
    "b": 3.8,
    "c": 3.7,
    "d": 3.9,
    "e": 4,
    "f": 4.1,
    "g": 4.1,
    "h": 4.1,
    "i": 4,
    "j": 3.9,
    "k": 4.1,
    "l": 4.2,
    "m": 4.1
  },
  {
    "jid": "Kalani Hoo",
    "ret": 94,
    "retobs": 50,
    "Average": 4.4,
    "a": 4.4,
    "b": 4.4,
    "c": 4.4,
    "d": 4.4,
    "e": 4.5,
    "f": 4.4,
    "g": 4.4,
    "h": 4.4,
    "i": 4.5,
    "j": 4.5,
    "k": 4.6,
    "l": 4.5,
    "m": 4.4
  },
  {
    "jid": "Chris Lee",
    "ret": 76,
    "retobs": 62,
    "Average": 4.2,
    "a": 4.2,
    "b": 4,
    "c": 4,
    "d": 4.1,
    "e": 4.1,
    "f": 4.2,
    "g": 4.2,
    "h": 4.2,
    "i": 4.2,
    "j": 4.2,
    "k": 4.3,
    "l": 4.4,
    "m": 4.2
  },
  {
    "jid": "Natalie Tyrell",
    "ret": 70,
    "retobs": 54,
    "Average": 4,
    "a": 3.8,
    "b": 3.8,
    "c": 3.6,
    "d": 3.7,
    "e": 4,
    "f": 4.1,
    "g": 4.1,
    "h": 4.1,
    "i": 4,
    "j": 4.1,
    "k": 4,
    "l": 3.8,
    "m": 4.1
  },
  {
    "jid": "Rodney Burr",
    "ret": 95,
    "retobs": 39,
    "Average": 4.6,
    "a": 4.4,
    "b": 4.6,
    "c": 4.5,
    "d": 4.5,
    "e": 4.6,
    "f": 4.6,
    "g": 4.7,
    "h": 4.5,
    "i": 4.6,
    "j": 4.6,
    "k": 4.5,
    "l": 4.5,
    "m": 4.7
  },
  {
    "jid": "Douglas Hedger",
    "ret": 85,
    "retobs": 33,
    "Average": 4.1,
    "a": 4.3,
    "b": 4.1,
    "c": 4,
    "d": 3.9,
    "e": 4.1,
    "f": 4.1,
    "g": 4.1,
    "h": 4,
    "i": 4,
    "j": 4,
    "k": 4.2,
    "l": 4.2,
    "m": 4
  },
  {
    "jid": "Mark Stevens",
    "ret": 63,
    "retobs": 38,
    "Average": 3.7,
    "a": 4,
    "b": 3.7,
    "c": 3.7,
    "d": 3.7,
    "e": 3.5,
    "f": 3.6,
    "g": 3.5,
    "h": 3.7,
    "i": 3.6,
    "j": 3.5,
    "k": 4,
    "l": 4.1,
    "m": 4
  },
  {
    "jid": "Bert Brown",
    "ret": 92,
    "retobs": 51,
    "Average": 4.7,
    "a": 4.7,
    "b": 4.6,
    "c": 4.5,
    "d": 4.7,
    "e": 4.7,
    "f": 4.7,
    "g": 4.8,
    "h": 4.8,
    "i": 4.5,
    "j": 4.7,
    "k": 4.8,
    "l": 4.7,
    "m": 4.7
  },
  {
    "jid": "Cara Campbell",
    "ret": 82,
    "retobs": 38,
    "Average": 4.4,
    "a": 4.4,
    "b": 4.2,
    "c": 4.2,
    "d": 4.4,
    "e": 4.3,
    "f": 4.4,
    "g": 4.5,
    "h": 4.5,
    "i": 4.3,
    "j": 4.3,
    "k": 4.4,
    "l": 4.4,
    "m": 4.4
  },
  {
    "jid": "Martin Hastings",
    "ret": 86,
    "retobs": 56,
    "Average": 4.4,
    "a": 4.3,
    "b": 4.4,
    "c": 4.3,
    "d": 4.2,
    "e": 4.4,
    "f": 4.6,
    "g": 4.5,
    "h": 4.1,
    "i": 4.2,
    "j": 4.6,
    "k": 4.5,
    "l": 4.6,
    "m": 4.6
  },
  {
    "jid": "Cedric Kerns",
    "ret": 70,
    "retobs": 64,
    "Average": 3.9,
    "a": 4,
    "b": 3.7,
    "c": 3.7,
    "d": 3.8,
    "e": 3.9,
    "f": 3.9,
    "g": 4,
    "h": 3.9,
    "i": 3.7,
    "j": 3.7,
    "k": 4,
    "l": 4,
    "m": 4
  },
  {
    "jid": "Cynthia Leung",
    "ret": 84,
    "retobs": 38,
    "Average": 4.4,
    "a": 4.4,
    "b": 4.3,
    "c": 4.1,
    "d": 4.4,
    "e": 4.3,
    "f": 4.6,
    "g": 4.6,
    "h": 4.4,
    "i": 4.1,
    "j": 4.3,
    "k": 4.6,
    "l": 4.3,
    "m": 4.3
  },
  {
    "jid": "Susan Roger",
    "ret": 65,
    "retobs": 46,
    "Average": 3.8,
    "a": 3.7,
    "b": 3.6,
    "c": 3.6,
    "d": 3.7,
    "e": 3.8,
    "f": 4,
    "g": 4,
    "h": 3.9,
    "i": 3.7,
    "j": 3.9,
    "k": 3.9,
    "l": 4.1,
    "m": 3.9
  },
  {
    "jid": "Sean Hoeffgen",
    "ret": 41,
    "retobs": 29,
    "Average": 3,
    "a": 3.2,
    "b": 2.7,
    "c": 2.5,
    "d": 2.9,
    "e": 3.1,
    "f": 3.1,
    "g": 3.1,
    "h": 3.1,
    "i": 2.9,
    "j": 2.9,
    "k": 3.2,
    "l": 3.3,
    "m": 3.3
  }
]